id,day,source,sentiment,text
1,1,in-app,positive,"Smart Compose suggestions are eerily accurate — saves me a ton of time."
2,2,in-app,positive,"Love how it auto-completes my thoughts. Feels like magic."
3,3,in-app,neutral,"Feature is okay but sometimes the suggestions feel generic."
4,3,in-app,neutral,"Compose suggestions are useful, but I'd like more control over when they appear."
5,4,in-app,neutral,"One suggestion felt off in a formal email. Better than week one though."
6,5,in-app,neutral,"Typing lag appeared briefly yesterday, but today is better."
7,6,in-app,positive,"Great improvement! The tone-matching is impressive for quick replies."
8,7,in-app,neutral,"I barely notice the feature. Would prefer more formatting options instead."
9,9,in-app,positive,"After the recent fix it's much faster. Using it for every email now."
10,10,in-app,neutral,"Still want a disable option, but suggestion quality has improved a lot."
11,2,support,positive,"The app felt slower after update, but support fix worked quickly."
12,4,support,neutral,"I got an error twice trying to send an email today, then it stabilized."
13,5,support,neutral,"My draft glitched once after dismissing a suggestion. Enterprise account; we have not seen it again after patch."
14,5,support,neutral,"Upgrade payment retried successfully after a short delay."
15,6,support,positive,"Compose crashed once on Android 13, no crash since patch."
16,6,support,positive,"Got one odd name suggestion; appears fixed now."
17,8,support,neutral,"How do I turn off the new AI suggestions? I searched settings but couldn't find it."
18,9,support,positive,"No more draft-loss issues in the last two days for my team; confidence is improving."
19,3,twitter,positive,"@AcmeMail Smart Compose is a game changer. Replied to 40 emails in 20 minutes 🔥"
20,5,twitter,neutral,"@AcmeMail had one embarrassing auto-complete, please keep improving safeguards."
21,5,twitter,neutral,"@AcmeMail is the new compose thing supposed to be there? Didn't ask for it."
22,6,twitter,neutral,"Anyone else's @AcmeMail laggy after update? Mine improved after the latest patch."
23,8,twitter,positive,"OK I was skeptical but @AcmeMail Smart Compose just nailed a client response. I'm a convert."
24,10,twitter,positive,"@AcmeMail Any ETA on disable toggle? Otherwise Smart Compose has become really useful."
25,4,reddit,positive,"AcmeMail shipped AI fast; add opt-out and this will be a big win."
26,5,reddit,positive,"Actually tried the new Smart Compose. It's surprisingly good for short replies."
27,6,reddit,neutral,"PSA from earlier this week: draft issue seems reduced after patch; watching for recurrence."
28,7,reddit,positive,"Suggestions are solid now, especially for short responses."
29,9,reddit,positive,"Post-hotfix the app feels snappier. Smart Compose is actually growing on me."
30,5,app-store,positive,"4 stars. App was unstable earlier, but current build feels much better."
31,6,app-store,neutral,"3 stars. Lost one draft last week; support followed up quickly and it seems fixed now."
32,7,app-store,positive,"5 stars. Smart Compose is the best thing to happen to email. Worth the update."
33,10,app-store,positive,"4 stars. App works better after fix; off switch would make it perfect."
34,7,support,neutral,"Auto-filled a competitor name once in a sales email; serious, but not repeated after update."
35,8,twitter,positive,"I have a disability that makes typing hard. @AcmeMail Smart Compose has genuinely improved my life. Please don't remove it."
